#experimentName,string,homeokinesis
#seed,int,-255712748
#verbose,bool,1

#simTimeStep,double,0.05
#ctrlFreq,double,0.6
#maxEpisodeTime,double,60
#initPosition,sequence_double,0;0.1;0
#initOrientation,sequence_double,0;0;1;0
#evaluationOrder,int,0
#HKType,int,0

#grammarFile,string,/home/leni/git/EvoRoboGrammar/data/designs/grammar_mar19_26.dot
#robotRules,sequence_int,0;0;0;1;1;7;1;0;1;2;1;9;1;0;1;3
#inputNoiseStrength,double,0.1
#outputNoiseStrength,double,0.1

#arenaSize,sequence_double,1;1
#gridSize,sequence_int,16;16
#cellSize,double,0.5

#initHKNoise,bool,1
#HKNoiseStrength,double,0.3
#creativity,double,1.0
#epsilonA,double,0.1
#epsilonC,double,0.08
#CPGAlpha,double,1.01
#CPGFreq,double,0.1
#logRepository,string,/media/leni/DATADRIVE1/evorobo_logs

#withPoseAsInput,bool,1
